Load,Displacement
100,0.2
150,0.3
200,0.4
250,0.5
300,0.6
350,0.7000000000000001
400,0.8
450,0.9
500,1.0
550,1.1
600,1.2
650,1.3
700,1.4000000000000001
750,1.5
800,1.6
850,1.7
900,1.8
950,1.9000000000000001
1000,2.0
1050,2.1
1100,2.2
1150,2.3000000000000003
1200,2.4
1250,2.5
1300,2.6
1350,2.7
1400,2.8000000000000003
1450,2.9
1500,3.0
1550,3.1
